"","Sequence","Kingdom","Phylum","Class","Order","Family","Genus"
"denovo673","TACGTAGGTGGCGAGCGTTATCCGGAATGATTGGGCGTAAAGGGTGCGTAGGTGGCAGAACAAGTCTGGAGTAAAAGGTATGGGCTCAACCCGTACTGGCTCTGGAAACTGTTCGGCTAGAGAACAGAAGAGGACGGCGGAACTCCATGTGTAGCGGTAAAATGCGTAGATATATGGAAGAACACCGGTGGCGAAGGCGG","Bacteria","Firmicutes","Erysipelotrichia","Erysipelotrichales","Erysipelotrichaceae",NA
"denovo249","TACGTATGTCGCAAGCGTTATCCGGATTTATTGGGCGTAAAGCGTGTCTAGGCGGTTTGGTAAGTCTGATGTGAAAATGCGGGGCTCAACTCCGTATTGCGTTGGAAACTGCCAAACTAGAGTACTGGAGAGGTAGGCGGAACTACAAGTGTAGAGGTGAAATTCGTAGATATTTGTAGGAATGCCGATGGGGAAGCCAG","Bacteria","Fusobacteria","Fusobacteriia","Fusobacteriales","Fusobacteriaceae","Fusobacterium"
"denovo224","TACGTAGGGTCCAAGCGTTATCCGGATTTACTGGGTGTAAAGGGCGAGTAGACGGCATAGCAAGTCAGATGTGAAAACTTAGAGCTCAACTTTAAGACTGCATCTGAAACTGTTAAGCTAGAGTGCAGAAGAGGTAAGTGGAATTCCTAGTGTAGCGGTGAAATGCGTAGATATTAGGAGGAACACCAGTGGCGAAGGCG","Bacteria","Firmicutes","Clostridia","Clostridiales",NA,NA
"denovo333","TACGTAGGTGGCAAGCGTTGTCCGGAATTATTGGGCGTAAAGGGCGCGCAGGCGGCGTCGTAAGTCGGTCTTAAAAGTGCGGGGCTTAACCCCGTGAGGGGACCGAAACTGCGATGCTAGAGTATCGGAGAGGAAAGCGGAATTCCTAGTGTAGCGGTGAAATGCGTAGATATTAGGAGGAACACCAGTGGCGAAAGCGG","Bacteria","Firmicutes","Negativicutes","Selenomonadales","Veillonellaceae","Megasphaera"
"denovo330","TACGTAGGTAGCGAGCGTTATCCGGAATTATTGGGCGTAAAGGGTGCGTAGGCGGCCTGTTAAGTTTATGGTGAAAGCGTGGGGCTCAACCCCATAAAGCCATAGATACTGGCAGGCTAGAGTACTGGAGAGGGTAGTGGAATTCCATGTGTAGCGGTAAAATGCGTAGATATATGGAGGAACACCGGTGGCGAAGGCGG","Bacteria","Firmicutes","Erysipelotrichia","Erysipelotrichales","Erysipelotrichaceae",NA
"denovo420","TACGGAGGATCCGAGCGTTATCCGGATTTATTGGGTTTAAAGGGAGCGTAGGCGGGTGCTTAAGTCAGTTGTGAAAGTTTGCGGCTCAACCGTAAAATTGCAGTTGATACTGGGTACCTTGAGTGTAGCATAGGTAGGCGGAATTCGTGGTGTAGCGGTGAAATGCTTAGATATCACGAAGAACTCCGATTGCGAAGGCA","Bacteria","Bacteroidetes","Bacteroidia","Bacteroidales","Bacteroidaceae","Bacteroides"
"denovo427","TACGTATGTCGCAAGCGTTATCCGGATTTATTGGGCGTAAAGCGCGTCTAGGCGGCAAGGAAAGTCTGATGTGAAAATGCGGAGCTCAACTCCGTATGGCGTTGGAAACTGCCTTACTAGAGTACTGGAGAGGTAGGCGGAACTACAAGTGTAGAGGTGAAATTCGTAGATATTTGTAGGAATGCCGATGGGGAAGCCAG","Bacteria","Fusobacteria","Fusobacteriia","Fusobacteriales","Fusobacteriaceae","Fusobacterium"
"denovo366","TACGGAGGATTCAAGCGTTATCCGGATTTATTGGGTTTAAAGGGTGCGTAGGCGGTCAGATAAGTTAGAGGTGAAATTCCGGTGCTTAACACCGGCGCTGCCTCTAATACTGTTTGACTAGAGAGTAGTTGCGGTAGGCGGAATGTATGGTGTAGCGGTGAAATGCTTAGAGATCATACAGAACACCGATTGCGAAGGCA","Bacteria","Bacteroidetes","Bacteroidia","Bacteroidales","Rikenellaceae","Alistipes"
"denovo601","TACGTAGGGAGCAAGCGTTATCCGGATTTATTGGGTGTAAAGGGTGCGTAGACGGGAAATTAAGTTAGTTGTGAAATCCCTCGGCTCAACTGAGGAACTGCAACTAAAACTGATTTTCTTGAGTGTTGGAGAGGAAAGTGGAATTCCTAGTGTAGCGGTGAAATGCGTAGATATTAGAAGGAACACCAGTGGCGAAGGCG","Bacteria","Firmicutes","Clostridia","Clostridiales",NA,NA
"denovo590","TACGTAGGGAGCGAGCGTTGTCCGGAATTACTGGGTGTAAAGGGAGTGTAGGCGGGACTGCAAGTCAGATGTGAAAACTATGGGCTTAACCCATAGACTGCATTTGAAACTGCGGTTCTTGAGTGAAGTAGAGGTAAGCGGAATTCCTAGTGTAGCGGTGAAATGCGTAGATATTAGGAGGAACATCAGTGGCGAAGGCG","Bacteria","Firmicutes","Clostridia","Clostridiales","Ruminococcaceae","Ruminococcus"
"denovo411","TACGTAGGTGGCAAGCGTTGTCCGGAATTATTGGGCGTAAAGGGCGCGCAGGCGGCATCGCAAGTCGGTCTTAAAAGTGCGGGGCTTAACCCCGTGAGGGGACCGAAACTGTGGAGCTCGAGTGTCGGAGAGGAAAGCGGAATTCCTAGTGTAGCGGTGAAATGCGTAGATATTAGGAGGAACACCAGTGGCGAAAGCGG","Bacteria","Firmicutes","Negativicutes","Selenomonadales","Veillonellaceae","Megasphaera"
"denovo413","TACGGAGGATGCGAGCGTTATCCGGATTTATTGGGTTTAAAGGGTGCGTAGGCGGACCATCAAGTCAGCGGTCAAAAGTCGGGGCTCAACCCCGTAAAGCCGTTGAAACTGGTGGTCTTGAGTGAGCGAGAAGCAGGCGGAATGCGTGGTGTAGCGGTGAAATGCATAGATATCACGCAGAACCCCGATTGCGAAGGCAG","Bacteria","Bacteroidetes","Bacteroidia","Bacteroidales","Porphyromonadaceae","Barnesiella"
"denovo352","TACGTAGGGAGCGAGCGTTGTCCGGAATTACTGGGTGTAAAGGGAGCGTAGGCGGGACGGCAAGTCAGATGTGAAATACATGGGCTCAACCCATGGGCTGCATTTGAAACTGCTGTTCTTGAGTGAAGTAGAGGTAAGCGGAATTCCTGGTGTAGCGGTGAAATGCGTAGATATCAGGAGGAACACCGGTGGCGAAGGCG","Bacteria","Firmicutes","Clostridia","Clostridiales","Ruminococcaceae","Ruminococcus"
"denovo771","TACGTAGGGGGCGAGCGTTATCCGGATTTATTGGGCGTAAAGCGTGTGTAGGCGGTTTATTAAGTCTAAGATTAAATCCCGAGGCTTAACCTCGGTTCGTTTTAGAAACTGGTAGACTAGAGTATGGTAGAGGCAAACGGAATTTCTAGTGTAGCGGTGAAATGCGTAGATATTAGAAGGAACACCAGTGGCGAAGGCGG","Bacteria",NA,NA,NA,NA,NA
"denovo446","TACGTAGGTGGCAAGCGTTGTCCGGAATTACTGGGTGTAAAGGGAGCGTAGGCGGGATGCCAAGTCAGCTGTGAAAACTATGGGCTTAACCTGTAGACTGCAGTTGAAACTGGTATTCTTGAGCGAAGTAGAGGTTGGCGGAATTCCGAGTGTAGCGGTGAAATGCGTAGATATTCGGAGGAACACCGGTGGCGAAGGCG","Bacteria","Firmicutes","Clostridia","Clostridiales",NA,NA
"denovo321","TACGGAAGGTCCGGGCGTTATCCGGATTTATTGGGTTTAAAGGGAGCGTAGGCCGTCTCAAAAGCGTGTTGTGAAATGTCCGGGCTCAACCGGGGCCGTGCAGCGCGAACTGTGAGACTTGAGTGTGCGGAAGGTATGCGGAATTCGTGGTGTAGCGGTGAAATGCATAGATATCACGAAGAACTCCGATTGCGAAGGCA","Bacteria","Bacteroidetes","Bacteroidia","Bacteroidales","Prevotellaceae","Prevotella"
"denovo326","TACGTATGTCGCAAGCGTTATCCGGATTTATTGGGCGTAAAGCGCGTCTAGGCGGTTTGGTAAGTCTGATGTGAAAATACGGGGCTCAACTCCGTATTGCGTTGGAAACTGCCAAACTAGAGTACTGGAGAGGTAGGCGGAACTACAAGTGTAGAGGTGAAATTCGTAGATATTTGTAGGAATGCCGATGGGGAAGCCAG","Bacteria","Fusobacteria","Fusobacteriia","Fusobacteriales","Fusobacteriaceae","Fusobacterium"
"denovo692","TACGTAGGGAGCGAGCGTTATCCGGATTTATTGGGTGTAAAGGGTACGTAGGCGGCCTCATAAGTCTGTGGTTTAAGTCCGAAGCTCAACTTCGGTTCGCCACAGAAACTGTTTGGCTTGAGTATGGTAGAGGCAAGTGGAATTTCTAGTGTAGCGGTTAAATGCGTAGATATTAGAAGGAACACCAGTGGCGAAGGCGA","Bacteria","Firmicutes",NA,NA,NA,NA
"denovo288","TACGGAGGATCCAAGCGTTATCCGGATTTATTGGGTTTAAAGGGTGCGTAGGCGGTCAGATAAGTTAGAGGTGAAATTCCGGTGCTTAACACCGGCGCTGCCTCTAATACTGTTTGACTAGAGAGTAGTTGCGGTAGGCGGAATGTATGGTGTAGCGGTGAAATGCTTAGAGATCATACAGAACACCGATTGCGAAGGCA","Bacteria","Bacteroidetes","Bacteroidia","Bacteroidales","Rikenellaceae","Alistipes"
"denovo316","TACGTAGGTGGCAAGCGTTATCCGGATTTATTGGGCGTAAAGCGAGCGCAGGCGGTTTGATAAGTCTGATGTGAAAGCCTTTGGCTTAACCAAAGAAGTGCATCGGAAACTGTCAGACTTGAGTGCAGAAGAGGACAGTGGAACTCCATGTGTAGCGGTGGAATGCGTAGATATATGGAAGAACACCAGTGGCGAAGGCG","Bacteria","Firmicutes","Bacilli","Lactobacillales","Lactobacillaceae","Lactobacillus"
"denovo317","TACGGAAGGTCCGGGCGTTATCCGGATTTATTGGGTTTAAAGGGAGCGTAGGCCGTCTGGTAAGCGTGTTGTGAAATGTCGGGGCTCAACCTGGGCATTGCAGCGCGAACTGTCAGACTTGAGTGCGCGGGAAGTAGGCGGAATTCGTCGTGTAGCGGTGAAATGCTTAGATATGACGAAGAACTCCGATTGCGAAGGCA","Bacteria","Bacteroidetes","Bacteroidia","Bacteroidales","Prevotellaceae","Prevotella"
"denovo508","TACGGAGGATGCGAGCGTTATCCGGATTTATTGGGTTTAAAGGGTGCGTAGGCGGAACTCCAAGTCAGCGGTAAAAATTCGGGGCTCAACCCCGTCGTGCCGTTGAAACTGGAGTCCTTGAGTGGGCGAGAAGTATGCGGAATGCGTGGTGTAGCGGTGAAATGCATAGATATCACGCAGAACCCCGATTGCGAAGGCAG","Bacteria","Bacteroidetes","Bacteroidia","Bacteroidales","Porphyromonadaceae","Barnesiella"
"denovo581","TACGTAGGGGGCAAGCGTTATCCGGATTTACTGGGTGTAAAGGGAGCGTAGACGGCACGGAAAGCCAGATGTGAAAGCCCGGGGCTCAACCCCGGGACTGCATTTGGAACTGCTGAGCTAGAGTGTCGGAGAGGCAAGTGGAATTCCTAGTGTAGCGGTGAAATGCGTAGATATTAGGAGGAACACCAGTGGCGAAGGCG","Bacteria","Firmicutes","Clostridia","Clostridiales","Lachnospiraceae","Dorea"
"denovo462","TACGTAGGTGGCAAGCGTTGTCCGGAATTACTGGGTGTAAAGGGAGCGCAGGCGGGAAATCAAGTTGGATGTGAAATGTCGGGGCTTAACCCCGGAACTGCATCCAAAACTGATATTCTTGAGTGAAGTAGAGGTAGGCGGAATTCCGAGTGTAGCGGTGAAATGCGTAGATATTCGGAGGAACACCAGTGGCGAAGGCG","Bacteria","Firmicutes","Clostridia","Clostridiales","Ruminococcaceae",NA
"denovo469","TACGGAGGATTCAAGCGTTATCCGGATTTATTGGGTTTAAAGGGTGCGTAGGCGGCAGATTAAGTTAGAGGTGAAATTCCGAGGCTCAACCTTGGCACTGCCTCTGATACTGGTTTGCTAGCGAGTAGATGCTGTAGGCGGAATGTGTGGTGTAGCGGTGAAATGCATAGAGATCACACAGAACACCGATTGCGAAGGCA","Bacteria","Bacteroidetes","Bacteroidia","Bacteroidales","Rikenellaceae",NA
"denovo343","TACGTAGGGAGCAAGCGTTATCCGGATTTATTGGGTGTAAAGGGTGCGTAGACGGGAAAATAAGTTAGTTGTGAAATCCCCATGCTTAACATGGGAACTGCAACTAAAACTGTTTTTCTTGAGTGCTGGAGAGGAAAGTGGAATTCCTAGTGTAGCGGTGAAATGCGTAGATATTAGGAGGAACACCAGTGGCGAAGGCG","Bacteria","Firmicutes","Clostridia","Clostridiales",NA,NA
"denovo454","TACGTAGGGGGCGAGCGTTATCCGGATTTATTGGGCGTAAAGCGTGTGTAGGCGGTTTATTAAGTTTAAGATTAAAGTCCGGGGCTCAACTCCGGTAAGTCTTAAAAACTGGTAGACTTGAGTACGGTAGAGGCAAACGGAATTTCTAGTGTAGCGGTGAAATGCGTAGATATTAGAAGGAACACCAGTGGCGAAAGCGG","Bacteria",NA,NA,NA,NA,NA
"denovo312","TACGGAGGATGCGAGCGTTATCCGGATTTATTGGGTTTAAAGGGAGCGTAGACGGGGGATTAAGTCAGTTGTGAAAGTTTGCGGCTCAACCGTAAAATTGCAGTTGATACTGGTTCCCTTGAGTGCAGTTGAGGCAGGCGGAATTCGTGGTGTAGCGGTGAAATGCATAGATATCACGAAGAACCCCGATTGCGAAGGCA","Bacteria","Bacteroidetes","Bacteroidia","Bacteroidales","Bacteroidaceae","Bacteroides"
